Job ID,Job URL,Job Title,Company Name,Status,Timestamp,WP ID
e90fe9fdf859bff4,https://hn.linkedin.com/jobs/view/cajero-universal-at-grupo-salinas-honduras-4436910293,Cajero Universal,Grupo Salinas Honduras,posted,2026-07-07T01:27:37.259691,19
a9a553fe4e357387,https://hn.linkedin.com/jobs/view/atenci%C3%B3n-al-cliente-tegucigalpa-at-el-palacio-de-los-ni%C3%B1os-4436465284,Atención al Cliente - Tegucigalpa,El Palacio de los Niños,posted,2026-07-07T01:27:46.905387,21
b492a440d391501c,https://hn.linkedin.com/jobs/view/cajero-universal-at-grupo-salinas-honduras-4436452009,Cajero universal,Grupo Salinas Honduras,posted,2026-07-07T01:27:53.017684,19
0ca99fb665291e8f,https://hn.linkedin.com/jobs/view/auxiliar-de-bodega-picker-at-pedidosya-4298382886,Auxiliar de Bodega/Picker,,scraped,2026-07-07T01:27:55.692211,
4a6878dc14a29de6,https://hn.linkedin.com/jobs/view/auxiliar-de-bodega-temporal-tegucigalpa-at-grupo-simka-4436929003,Auxiliar de Bodega Temporal - Tegucigalpa,,scraped,2026-07-07T01:29:06.163879,
09c7e84243147c77,https://hn.linkedin.com/jobs/view/atenci%C3%B3n-al-cliente-la-ceiba-at-el-palacio-de-los-ni%C3%B1os-4436468156,Atención al Cliente - La Ceiba,El Palacio de los Niños,posted,2026-07-07T01:29:31.373132,23
31263dfeac9a9551,https://hn.linkedin.com/jobs/view/gerente-de-compras-at-grupo-aurum-4436164109,GERENTE DE COMPRAS,,scraped,2026-07-07T01:29:34.022639,
1847101b73cab5b6,https://hn.linkedin.com/jobs/view/cajero-at-tempolider-bogota-sas-4436912639,Cajero,,scraped,2026-07-07T01:29:40.539597,
ab2efbc91cfd0f89,https://hn.linkedin.com/jobs/view/planeador-de-demanda-at-grupo-salinas-honduras-4436725110,Planeador de Demanda,Grupo Salinas Honduras,posted,2026-07-07T01:29:54.640341,25
3eb4cbcce800f821,https://hn.linkedin.com/jobs/view/supervisor-de-tiendas-honduras-at-conecta-reclutamiento-4435367502,SUPERVISOR DE TIENDAS (HONDURAS),Conecta Reclutamiento,posted,2026-07-07T01:30:06.997843,27
5c431e33acffeacf,https://hn.linkedin.com/jobs/view/jefatura-de-planeaci%C3%B3n-operativa-at-grupo-ilp-4432385111,Jefatura de Planeación Operativa,,scraped,2026-07-07T01:30:09.654512,
ae3a2483313ab906,https://hn.linkedin.com/jobs/view/%C3%BAnete-a-nuestra-lista-de-candidatos-at-grupo-ficohsa-hn-4425927776,ÚNETE A NUESTRA LISTA DE CANDIDATOS,Grupo Ficohsa HN,posted,2026-07-07T01:31:28.792395,29
c45b0c186cc723b3,https://hn.linkedin.com/jobs/view/t%C3%A9cnico-en-mantenimiento-san-pedro-sula-at-ghc-talent-4435367515,Técnico en mantenimiento/ San Pedro Sula,GHC Talent,posted,2026-07-07T01:32:13.712562,31
15248949c6f2a9a0,https://hn.linkedin.com/jobs/view/membership-operations-manager-event-manager-at-teamswell-4437455710,Membership Operations Manager & Event Manager,,scraped,2026-07-07T01:32:16.462532,
b8d248e115cf3fe8,https://hn.linkedin.com/jobs/view/jefe-de-mantenimiento-at-grupo-r-center-4435378340,JEFE DE MANTENIMIENTO,,scraped,2026-07-07T01:32:28.424225,
326a35b5c33f168f,https://hn.linkedin.com/jobs/view/remote-bilingual-medical-receptionist-spanish-english-at-vital-virtuals-global-hr-solutions-4436032687,Remote Bilingual Medical Receptionist (Spanish/English),Vital Virtuals Global HR Solutions,posted,2026-07-07T01:32:42.609825,33
f5351b62856a8144,https://hn.linkedin.com/jobs/view/freelance-grabaci%C3%B3n-de-tareas-cotidianas-para-proyecto-de-ia-at-toloka-annotators-4435808501,Freelance: grabación de tareas cotidianas para proyecto de IA,Toloka Annotators,posted,2026-07-07T01:32:51.696234,35
0566aac296cdde10,https://hn.linkedin.com/jobs/view/asesor-comercial-ventas-at-allas-repuestos-4436461485,ASESOR COMERCIAL- VENTAS,,scraped,2026-07-07T01:32:54.321111,
320b2644c2e4c4a8,https://hn.linkedin.com/jobs/view/comprador-de-categoria-at-gildan-4426550215,Comprador de Categoria,,scraped,2026-07-07T01:33:00.491230,
61d7d37f898af6cd,https://hn.linkedin.com/jobs/view/erp-officer-at-tuwaiq-casting-forging-company-4437148831,ERP Officer,Tuwaiq Casting & Forging Company,posted,2026-07-07T01:33:15.863208,37
3239c585ef17a69f,https://hn.linkedin.com/jobs/view/jefe-de-agencia-at-banco-popular-hn-4436125644,Jefe de Agencia,,scraped,2026-07-07T01:33:18.544970,
957789f44d440ae4,https://hn.linkedin.com/jobs/view/visual-merchandising-honduras-at-conecta-reclutamiento-4435380293,VISUAL MERCHANDISING (HONDURAS),Conecta Reclutamiento,posted,2026-07-07T01:34:37.719393,39
fd598b5231993b15,https://hn.linkedin.com/jobs/view/guardia-de-seguridad-at-ghc-talent-4435370487,Guardia de Seguridad,GHC Talent,posted,2026-07-07T01:34:48.762929,41
f3083857628f0b9d,https://hn.linkedin.com/jobs/view/contador-general-at-regisro-remote-office-4433186746,Contador General,,scraped,2026-07-07T01:34:51.378664,
efcaeca371f987f5,https://hn.linkedin.com/jobs/view/jefe-de-mercadeo-at-grupo-ilp-4436709870,Jefe de Mercadeo,,scraped,2026-07-07T01:34:58.474313,
d0bd6fde09e7bbcf,https://hn.linkedin.com/jobs/view/maestra-de-biblia-at-ghc-talent-4435383153,Maestra de Biblia,GHC Talent,posted,2026-07-07T01:35:17.088063,43
aadee01acc447099,https://hn.linkedin.com/jobs/view/asistente-administrativo-at-catholic-relief-services-4434670159,Asistente Administrativo,Catholic Relief Services,posted,2026-07-07T01:35:30.327547,45
5465bc1657d6d131,https://hn.linkedin.com/jobs/view/auxiliar-contable-san-pedro-sula-at-arista-4433140038,AUXILIAR CONTABLE - SAN PEDRO SULA,,scraped,2026-07-07T01:35:32.940601,
be8404c28da9ec36,https://hn.linkedin.com/jobs/view/maestro-a-de-b%C3%A1sica-biling%C3%BCe-at-ghc-talent-4435365684,Maestro (a) de Básica Bilingüe,GHC Talent,posted,2026-07-07T01:36:32.615130,47
f1dc5d7dc238d297,https://hn.linkedin.com/jobs/view/analista-de-cumplimiento-at-grupo-q-4437112930,Analista de Cumplimiento,,scraped,2026-07-07T01:36:35.250806,
b4afc9d2403f2b99,https://hn.linkedin.com/jobs/view/creador-a-de-contenido-pov-para-ia-remoto-at-toloka-annotators-4435823113,Creador(a) de Contenido POV para IA - Remoto,,scraped,2026-07-07T01:36:42.601920,
e26d15e9d3809280,https://hn.linkedin.com/jobs/view/spanish-to-english-medical-legal-interpreters-at-intelex-4434683831,Spanish to English Medical/Legal Interpreters,,scraped,2026-07-07T01:36:50.164367,
8835ed4dc11d3ee4,https://hn.linkedin.com/jobs/view/gerente-de-compras-tegucigalpa-at-grupo-aurum-4437485493,Gerente de Compras Tegucigalpa,,scraped,2026-07-07T01:38:00.705621,
c8a50acd19c9b94f,https://hn.linkedin.com/jobs/view/asistente-administrativo-at-proyectos-y-servicios-inmobiliarios-grupo-financiero-ficohsa-4432791395,Asistente Administrativo,Proyectos y Servicios Inmobiliarios- Grupo Financiero Ficohsa,posted,2026-07-07T01:38:13.067746,45
8f3636c157f2e288,https://hn.linkedin.com/jobs/view/medical-scheduler-at-impact-bpo-4435039610,Medical Scheduler,,scraped,2026-07-07T01:38:15.762813,
0b1de9154fc63f61,https://hn.linkedin.com/jobs/view/especialista-de-trafico-de-mercadeo-at-grupo-ilp-4436911287,Especialista de Trafico de Mercadeo,,scraped,2026-07-07T01:38:22.349267,
a167bac59faabbd4,https://hn.linkedin.com/jobs/view/ejecutivo-a-comercial-b2b-at-cementos-argos-honduras-4436117041,EJECUTIVO(A) COMERCIAL B2B,,scraped,2026-07-07T01:38:29.073772,
7bcbf6eed55a8983,https://hn.linkedin.com/jobs/view/performance-marketer-remote-at-huzzle-com-4436313388,Performance Marketer - Remote,,scraped,2026-07-07T01:38:35.813674,
7aaaa79385ea25a6,https://hn.linkedin.com/jobs/view/buscamos-socio-director-a-de-expansi%C3%B3n-aicad-business-school-at-aicad-4434972255,Buscamos Socio Director/a de Expansión | AICAD Business School.,AICAD Business School,posted,2026-07-07T01:38:50.217196,49
a1e10f1752af52f3,https://hn.linkedin.com/jobs/view/gerente-administrativo-y-de-operaciones-de-restaurante-multi-unidad-tegucigalpa-san-pedro-sula-at-cs-capacitaciones-4437432764,GERENTE ADMINISTRATIVO Y DE OPERACIONES DE RESTAURANTE MULTI-UNIDAD (Tegucigalpa / San Pedro Sula),CS Capacitaciones,posted,2026-07-07T01:39:01.342708,51
fa08f015834d88cb,https://hn.linkedin.com/jobs/view/administrador-entregas-at-celaque-4431981227,Administrador Entregas,,scraped,2026-07-07T01:39:04.103710,
ac18269fd0bb7ac8,https://hn.linkedin.com/jobs/view/desarrollador-de-marca-at-flor-de-ca%C3%B1a-4437405857,Desarrollador de Marca,,scraped,2026-07-07T01:39:10.660153,
9e6015ff596fb2d9,https://hn.linkedin.com/jobs/view/auxiliar-de-bodega-picker-at-pedidosya-4385640028,Auxiliar de Bodega/Picker,,scraped,2026-07-07T01:39:16.933644,
1e2c217c36c46f1a,https://hn.linkedin.com/jobs/view/grente-de-cobranza-y-credito-at-grupo-salinas-honduras-4435336808,Grente de Cobranza y Credito,Grupo Salinas Honduras,posted,2026-07-07T01:39:32.436221,53
1abc537f29a2710f,https://hn.linkedin.com/jobs/view/legal-assistant-at-workbetternow-4434792394,Legal Assistant,,scraped,2026-07-07T01:39:35.084921,
f1c5f66b51d7d6d8,https://hn.linkedin.com/jobs/view/contador-jr-el-progreso-yoro-at-tempolider-bogota-sas-4436906976,"Contador Jr - El Progreso, Yoro",,scraped,2026-07-07T01:39:53.599211,
e9a1d95b050371da,https://hn.linkedin.com/jobs/view/logistics-ops-executive-assistant-remote-at-viva-talent-4437423672,Logistics & Ops Executive Assistant (Remote),,scraped,2026-07-07T01:39:59.853502,
060e0928e178a0b6,https://hn.linkedin.com/jobs/view/machining-process-technical-manager-at-tuwaiq-casting-forging-company-4437148829,Machining Process Technical Manager,Tuwaiq Casting & Forging Company,posted,2026-07-07T01:40:34.182703,55
794995e323f6fee9,https://hn.linkedin.com/jobs/view/head-of-sales-at-the-studio-4435458242,Head of Sales,,scraped,2026-07-07T01:40:36.834250,
13bd87c1a066b287,https://hn.linkedin.com/jobs/view/record-your-daily-routine-get-paid-ai-training-remote-at-toloka-annotators-4435810350,Record Your Daily Routine & Get Paid - AI Training (Remote),,scraped,2026-07-07T01:40:44.249583,
82396ab92238df91,https://hn.linkedin.com/jobs/view/coordinador-de-operaciones-at-pan-american-life-insurance-group-4436366086,Coordinador de operaciones,,scraped,2026-07-07T01:41:30.960788,
a584654c8227f683,https://hn.linkedin.com/jobs/view/physical-therapist-at-fisiofit-hn-4436409823,Physical Therapist,FISIOFIT HN,posted,2026-07-07T01:42:30.751332,57
8042d6f0fa852fa3,https://hn.linkedin.com/jobs/view/lider-de-ventas-at-productos-alimenticios-diana-4434676026,Lider de Ventas,,scraped,2026-07-07T01:42:33.381804,
0ff70937a3fe3456,https://hn.linkedin.com/jobs/view/representante-visitador-m%C3%A9dico-at-exeltis-cenam-4433955594,Representante visitador médico,,scraped,2026-07-07T01:42:40.373382,
2c865cd70b20a4c6,https://hn.linkedin.com/jobs/view/virtual-executive-assistant-remote-at-viva-talent-4437433052,Virtual Executive Assistant (Remote),,scraped,2026-07-07T01:42:48.865737,
9cde862cfbde40d0,https://hn.linkedin.com/jobs/view/asistente-financiero-at-catholic-relief-services-4434656682,Asistente Financiero,Catholic Relief Services,posted,2026-07-07T01:43:06.649647,59
06161542f358a6e4,https://hn.linkedin.com/jobs/view/coordinador-de-presupuestos-para-residir-en-el-salvador-at-see-talent-group-latino-am%C3%A9rica-headhunting-4435212876,Coordinador de presupuestos - Para residir en El Salvador,,scraped,2026-07-07T01:43:09.364747,
ceffca870feab5a3,https://hn.linkedin.com/jobs/view/private-sector-engagement-and-investment-promotion-experts-at-ntu-international-a-s-4436736767,Private Sector Engagement and Investment Promotion Experts,,scraped,2026-07-07T01:43:17.667729,
6a120c5f19795602,https://hn.linkedin.com/jobs/view/digital-experts-at-ntu-international-a-s-4437155751,Digital Experts,,scraped,2026-07-07T01:43:24.949559,
0329d8b4fd5fefc6,https://hn.linkedin.com/jobs/view/assistant-trade-marketing-manager-at-regisro-remote-office-4433119917,Assistant Trade Marketing Manager,,scraped,2026-07-07T01:43:32.181580,
2579cf7fe62a91b9,https://hn.linkedin.com/jobs/view/sustainable-energy-experts-at-ntu-international-a-s-4437106975,Sustainable Energy Experts,,scraped,2026-07-07T01:43:39.255592,
c9c7a8f4be168cc0,https://hn.linkedin.com/jobs/view/guardia-de-seguridad-san-pedro-sula-at-ghc-talent-4435364769,Guardia de Seguridad/ San Pedro Sula,GHC Talent,posted,2026-07-07T01:44:25.311816,61
c06ea0e7194058ab,https://hn.linkedin.com/jobs/view/atenci%C3%B3n-al-cliente-en-ruta-roat%C3%A1n-at-tempolider-bogota-sas-4436925196,Atención al cliente en Ruta - ROATÁN,,scraped,2026-07-07T01:44:27.774598,
aa143f8a53151a4b,https://hn.linkedin.com/jobs/view/gerente-de-marca-gatos-at-cargill-4431973859,Gerente de Marca - Gatos,Cargill,posted,2026-07-07T01:44:50.487251,63
25c425074eefb23d,https://hn.linkedin.com/jobs/view/lider-de-trade-marketing-at-cargill-4433194940,Lider de Trade Marketing,Cargill,posted,2026-07-07T01:45:09.244839,65
803fc5059d70b69d,https://hn.linkedin.com/jobs/view/analista-de-telefon%C3%ADa-at-grupo-salinas-honduras-4436708966,Analista de Telefonía,Grupo Salinas Honduras,posted,2026-07-07T01:45:19.689410,67
3d7cea6845b6f4bd,https://hn.linkedin.com/jobs/view/tech-lead-sanity-cms-remote-latin-america-at-fullstack-4427103675,Tech Lead (Sanity CMS) - Remote - Latin America,,scraped,2026-07-07T01:45:22.382399,
98c245dfb72e52ae,https://hn.linkedin.com/jobs/view/blockchain-engineer-remote-work-at-bairesdev-4436238347,Blockchain Engineer - Remote Work,,scraped,2026-07-07T01:45:43.127604,
84dfce72cb1c9981,https://hn.linkedin.com/jobs/view/it-technician-rak-at-tuwaiq-casting-forging-company-4437164013,IT Technician (RAK),Tuwaiq Casting & Forging Company,posted,2026-07-07T01:45:58.318737,69
ce3530acb99d6b67,https://hn.linkedin.com/jobs/view/mid-level-cms-engineer-sanity-remote-latin-america-at-fullstack-4434631663,Mid-Level CMS Engineer (Sanity) - Remote - Latin America,FullStack,posted,2026-07-07T01:46:07.914232,71
409ec753bdf2a392,https://hn.linkedin.com/jobs/view/sustainable-finance-experts-at-ntu-international-a-s-4436749556,Sustainable Finance Experts,,scraped,2026-07-07T01:46:10.477668,
1a177588cd900a4b,https://hn.linkedin.com/jobs/view/tech-lead-sanity-cms-remote-latin-america-at-fullstack-4427109591,Tech Lead (Sanity CMS) - Remote - Latin America,,scraped,2026-07-07T01:46:17.565369,
99a8d97840662544,https://hn.linkedin.com/jobs/view/jefe-de-terminal-at-brenntag-4436797379,Jefe de Terminal,Brenntag,posted,2026-07-07T01:46:45.332118,73
153ebe6992703964,https://hn.linkedin.com/jobs/view/cajero-11325-48913-at-grupo-ficohsa-hn-4436433959,CAJERO (11325) - 48913,Grupo Ficohsa HN,posted,2026-07-07T01:46:56.201510,75
60f070ebbec1f44f,https://hn.linkedin.com/jobs/view/operations-specialist-at-edge-virtual-assistants-4434605500,Operations Specialist,,scraped,2026-07-07T01:46:58.838734,
7a5e5be0d4b21e08,https://hn.linkedin.com/jobs/view/jefe-de-seguridad-de-centro-comercial-at-inversiones-aliadas-4437403647,Jefe de Seguridad de Centro Comercial,,scraped,2026-07-07T01:47:36.178479,
a0743e93e24a48d8,https://hn.linkedin.com/jobs/view/training-specialist-at-ubiquity-4434675323,Training Specialist,,scraped,2026-07-07T01:47:44.042932,
f69f9fe09996e3fb,https://hn.linkedin.com/jobs/view/administrador-de-mercadeo-at-celaque-4433730104,Administrador de Mercadeo,,scraped,2026-07-07T01:48:05.228514,
be889e88e878bb94,https://hn.linkedin.com/jobs/view/docente-de-preparatoria-biling%C3%BCe-san-pedro-sula-at-ghc-talent-4435360795,Docente de Preparatoria Bilingüe/ San Pedro Sula,GHC Talent,posted,2026-07-07T01:48:26.370231,77
89456e1511693f89,https://hn.linkedin.com/jobs/view/analista-de-compras-y-soporte-ejecutivo-4436448794,ANALISTA DE COMPRAS Y SOPORTE EJECUTIVO,AXIS,posted,2026-07-07T01:48:34.463821,79
44f9dba6aa38a065,https://hn.linkedin.com/jobs/view/especialista-creativo-at-peopleblue-4435476498,Especialista creativo,,scraped,2026-07-07T01:48:37.195774,
861b11cdd7d29ce9,https://hn.linkedin.com/jobs/view/inspector-de-calidad-at-alpla-group-4436440250,INSPECTOR DE CALIDAD,,scraped,2026-07-07T01:48:43.980876,
ede355b2d2c1b08e,https://hn.linkedin.com/jobs/view/comprador-ca-at-alpla-group-4436437372,Comprador CA,,scraped,2026-07-07T01:48:51.294840,
f02203e2f85b497a,https://hn.linkedin.com/jobs/view/climate-change-and-circular-economy-experts-at-ntu-international-a-s-4437149093,Climate Change and Circular Economy Experts,,scraped,2026-07-07T01:48:58.051241,
2ef0334504bcd57a,https://hn.linkedin.com/jobs/view/agentic-aws-devops-engineer-remote-latin-america-at-fullstack-4407584788,Agentic AWS DevOps Engineer - Remote - Latin America,,scraped,2026-07-07T01:49:04.987866,
4daeb54a477774ab,https://hn.linkedin.com/jobs/view/agentic-aws-devops-engineer-remote-latin-america-at-fullstack-4407572874,Agentic AWS DevOps Engineer - Remote - Latin America,,scraped,2026-07-07T01:49:43.655763,
e11985b08e3d1b97,https://hn.linkedin.com/jobs/view/operations-assistant-at-cs-outsource-4435239546,Operations Assistant,CS Outsource,posted,2026-07-07T01:50:09.796644,81
93e72ae6fffd2128,https://hn.linkedin.com/jobs/view/gerente-de-agencia-1576-48742-at-grupo-ficohsa-hn-4427672635,GERENTE DE AGENCIA (1576) - 48742,Grupo Ficohsa HN,posted,2026-07-07T01:50:19.949795,83
a112f2fcceb908fc,https://hn.linkedin.com/jobs/view/offensive-security-engineer-at-applaudo-4437421872,Offensive Security Engineer,,scraped,2026-07-07T01:50:22.493991,
6fc6e3dde77ce770,https://hn.linkedin.com/jobs/view/maestro-de-educaci%C3%B3n-f%C3%ADsica-y-entrenador-de-f%C3%BAtbol-at-ghc-talent-4435360797,Maestro de Educación Física y Entrenador de Fútbol,GHC Talent,posted,2026-07-07T01:50:47.673323,85
dfde538a31ec1d16,https://hn.linkedin.com/jobs/view/corporate-sales-representative-representante-de-ventas-corporativas-at-regisro-remote-office-4433976761,Corporate Sales Representative / Representante de Ventas Corporativas,,scraped,2026-07-07T01:50:50.216222,
6f9cad0fbb4d796a,https://hn.linkedin.com/jobs/view/contador-junior-sps-at-tempolider-bogota-sas-4436915403,Contador Junior /sps,,scraped,2026-07-07T01:51:13.786775,
29b43143c43fa450,https://hn.linkedin.com/jobs/view/especialista-procesos-13151-48699-at-grupo-ficohsa-hn-4427129212,ESPECIALISTA PROCESOS (13151) - 48699,Grupo Ficohsa HN,posted,2026-07-07T01:51:28.382135,87
ef36d38560ffb8e4,https://hn.linkedin.com/jobs/view/customer-service-representative-at-tp-4437452928,Customer Service Representative,,scraped,2026-07-07T01:51:31.178210,
a7c56901675a2750,https://hn.linkedin.com/jobs/view/regional-program-director-principal-investigator-at-global-communities-4426159981,Regional Program Director/Principal Investigator,,scraped,2026-07-07T01:51:38.732127,
5504fcf3797a1cbf,https://hn.linkedin.com/jobs/view/jefe-de-auditoria-de-sistemas-at-grupo-ilp-4436711822,Jefe de Auditoria de Sistemas,,scraped,2026-07-07T01:52:21.747024,
c087086c429966a6,https://hn.linkedin.com/jobs/view/qa-automation-engineer-node-js-distributed-systems-at-applaudo-4436139244,QA Automation Engineer (Node.js & Distributed Systems),,scraped,2026-07-07T01:52:28.348059,
e192a32dd2dc18ad,https://hn.linkedin.com/jobs/view/full-stack-developer-python-at-perform-4398402401,Full Stack Developer (Python),,scraped,2026-07-07T01:52:34.777120,
841e013472dae454,https://hn.linkedin.com/jobs/view/creativo-estrat%C3%A9gico-at-grupo-opsa-4437470501,Creativo Estratégico,GRUPO OPSA,posted,2026-07-07T01:52:59.412805,89
791c03479fdaed91,https://hn.linkedin.com/jobs/view/supervisor-a-de-operaciones-proceso-at-cargill-4432726452,Supervisor(a) de Operaciones-Proceso,Cargill,posted,2026-07-07T01:53:32.013614,91
8f68767b69c18b2b,https://hn.linkedin.com/jobs/view/gerente-arquitectura-de-software-at-deloitte-4435832983,Gerente Arquitectura de Software,Deloitte,posted,2026-07-07T01:54:47.097576,93
5ced9d73f6cad368,https://hn.linkedin.com/jobs/view/principal-data-engineer-remote-latin-america-at-fullstack-4436433376,Principal Data Engineer - Remote - Latin America,,scraped,2026-07-07T01:54:49.692550,
99eda388f68b6da6,https://hn.linkedin.com/jobs/view/full-stack-developer-net-developer-at-perform-4398414263,Full Stack Developer (.NET Developer),Perform,posted,2026-07-07T01:55:20.553040,95
a96a672829b75eff,https://hn.linkedin.com/jobs/view/tracking-and-tracing-at-avanza-nearshoring-solutions-4435192124,Tracking and Tracing,,scraped,2026-07-07T01:55:23.066756,
2ef5996aa1aa530c,https://hn.linkedin.com/jobs/view/agente-de-sales-enablement-biling%C3%BCe-presencial-at-promotex-inc-4435895648,Agente de Sales Enablement Bilingüe (Presencial),,scraped,2026-07-07T01:55:45.680903,
36d88728f265a693,https://hn.linkedin.com/jobs/view/service-coordinator-at-volvo-trucks-4427019961,Service Coordinator,,scraped,2026-07-07T01:56:08.035134,
5d5f9e1a8e0db1d9,https://hn.linkedin.com/jobs/view/consultor-a-senior-sap-pm-%E2%80%93-it-business-partner-solution-architect-ingl%C3%A9s-c1-%E2%80%93-remoto-internacional-honduras-at-sapindex-4436794201,Consultor/a Senior SAP PM – IT Business Partner / Solution Architect - Inglés C1 – Remoto Internacional - Honduras,,scraped,2026-07-07T01:56:15.016312,
a25e1c41dd5c669f,https://hn.linkedin.com/jobs/view/customer-logistics-specialist-at-charger-logistics-inc-4436764871,Customer Logistics Specialist,,scraped,2026-07-07T01:56:21.895577,
8c186c69be3b8c9c,https://hn.linkedin.com/jobs/view/ejecutiva-de-ventas-en-san-pedro-sula-at-academia-europea-4436904345,Ejecutiva de Ventas en San Pedro Sula,,scraped,2026-07-07T01:56:28.528960,
67992e639bd6a3b1,https://hn.linkedin.com/jobs/view/transportation-operations-coordinator-at-charger-logistics-inc-4436773244,Transportation Operations Coordinator,,scraped,2026-07-07T01:56:44.405237,
8f3ac41ba5fac894,https://hn.linkedin.com/jobs/view/opt%C3%B3metra-at-essilorluxottica-4434620751,Optómetra,,scraped,2026-07-07T01:56:50.829144,
909f86a07d2f960f,https://hn.linkedin.com/jobs/view/oficial-de-mantenimiento-3579-48593-at-grupo-ficohsa-hn-4425666138,OFICIAL DE MANTENIMIENTO (3579) - 48593,Grupo Ficohsa HN,posted,2026-07-07T01:57:06.678944,97
0eaebb7bbc0671bd,https://hn.linkedin.com/jobs/view/administrador-a-at-ditop-4435170883,Administrador/a,,scraped,2026-07-07T01:57:09.220954,
9c5f04e893b05234,https://hn.linkedin.com/jobs/view/process-improvement-analyst-at-charger-logistics-inc-4436902584,Process Improvement Analyst,,scraped,2026-07-07T01:57:16.985815,
6d7ff3004956a2cb,https://hn.linkedin.com/jobs/view/ejecutivo-de-negocios-y-servicios-jr-1348-48982-at-grupo-ficohsa-hn-4435851421,EJECUTIVO DE NEGOCIOS Y SERVICIOS JR. (1348) - 48982,Grupo Ficohsa HN,posted,2026-07-07T01:57:30.581386,99
bcd322201b026958,https://hn.linkedin.com/jobs/view/productor-creativo-at-anagram-4437424315,Productor creativo,,scraped,2026-07-07T01:57:33.212728,
33364d01f4faee0b,https://hn.linkedin.com/jobs/view/maestro-de-taller-de-veh%C3%ADculos-at-grupo-bimbo-4433126370,Maestro de Taller de Vehículos,Grupo Bimbo,posted,2026-07-07T01:57:50.127231,101
7e2a5ed6cfc432cf,https://hn.linkedin.com/jobs/view/practicante-universitario-a-tegucigalpa-at-cargill-4427561562,Practicante Universitario (a) - Tegucigalpa,Cargill,posted,2026-07-07T01:58:04.015339,103
b8e3bf3de968ebe0,https://hn.linkedin.com/jobs/view/consultor-a-senior-sap-qm-%E2%80%93-it-business-partner-solution-architect-ingl%C3%A9s-c1-%E2%80%93-remoto-internacional-honduras-at-sapindex-4436901069,Consultor/a Senior SAP QM – IT Business Partner / Solution Architect - Inglés C1 – Remoto Internacional - Honduras,,scraped,2026-07-07T01:58:06.699368,
f9359e2f05afea04,https://hn.linkedin.com/jobs/view/driver-at-a-p-moller-maersk-4437477449,Driver,,scraped,2026-07-07T01:58:13.146466,
c0c8b9f13256850b,https://hn.linkedin.com/jobs/view/analista-desarrollo-digital-13173-48717-at-grupo-ficohsa-hn-4427660670,ANALISTA DESARROLLO DIGITAL (13173) - 48717,Grupo Ficohsa HN,posted,2026-07-07T01:58:28.086952,105
89b6da2ab0678546,https://hn.linkedin.com/jobs/view/logistics-representative-at-charger-logistics-inc-4436792835,Logistics Representative,,scraped,2026-07-07T01:58:30.660431,
66e1c6a8b02c24e4,https://hn.linkedin.com/jobs/view/construction-estimator-masonry-at-the-a-career-4436425937,Construction Estimator - Masonry,,scraped,2026-07-07T01:58:37.010755,
06b853b3f709c82f,https://hn.linkedin.com/jobs/view/vendedor-a-comisionita-tegucigalpa-at-cargill-4431968528,Vendedor (a) Comisionita - Tegucigalpa,Cargill,posted,2026-07-07T02:00:34.811551,107
5287fdef9c8a78e2,https://hn.linkedin.com/jobs/view/analista-desarrollo-digital-13172-48716-at-grupo-ficohsa-hn-4427904743,ANALISTA DESARROLLO DIGITAL (13172) - 48716,Grupo Ficohsa HN,posted,2026-07-07T02:00:45.286741,109
79f83c73c1e4f06a,https://hn.linkedin.com/jobs/view/service-delivery-leader-at-applaudo-4437416670,Service Delivery Leader,,scraped,2026-07-07T02:00:47.937120,
d0ebb66dbdd46c23,https://hn.linkedin.com/jobs/view/lead-data-engineer-at-grupo-levanter-honduras-4431979325,Lead Data Engineer,,scraped,2026-07-07T02:00:54.454841,
01f6719d132c24bf,https://hn.linkedin.com/jobs/view/coordinador-de-dise%C3%B1o-de-infraestructura-at-ditop-4435189218,Coordinador de Diseño de Infraestructura,,scraped,2026-07-07T02:01:00.847522,
9719e72d44c34f77,https://hn.linkedin.com/jobs/view/service-delivery-leader-at-applaudo-4437418640,Service Delivery Leader,,scraped,2026-07-07T02:01:07.077721,
50300d112d0582b6,https://hn.linkedin.com/jobs/view/servicenow-developer-remote-work-at-bairesdev-4436204721,ServiceNow Developer - Remote Work,,scraped,2026-07-07T02:01:13.334064,
c1725d35255d8035,https://hn.linkedin.com/jobs/view/senior-qa-automation-engineer-playwright-mobile-at-applaudo-4436170209,Senior QA Automation Engineer (Playwright & Mobile),,scraped,2026-07-07T02:01:54.386960,
4c12ce5c9b98025b,https://hn.linkedin.com/jobs/view/senior-net-developer-temporary-contract-at-applaudo-4436374439,Senior .NET Developer (temporary contract),,scraped,2026-07-07T02:02:01.278062,
a12cd2aa22f75bac,https://hn.linkedin.com/jobs/view/senior-full-stack-java-engineer-java-%2B-angular-temporary-contract-at-applaudo-4436764721,Senior Full Stack Java Engineer (Java + Angular ) - temporary contract,,scraped,2026-07-07T02:02:07.797005,
587daec8b85c5e86,https://hn.linkedin.com/jobs/view/practicante-universitario-a-villanueva-cortes-at-cargill-4435182182,Practicante Universitario (a) / Villanueva Cortes,Cargill,posted,2026-07-07T02:02:25.272552,111
2a98c91aeecfb21d,https://hn.linkedin.com/jobs/view/quality-specialist-at-charger-logistics-inc-4436797810,Quality Specialist,,scraped,2026-07-07T02:02:27.821957,
5848f4cd67e9273c,https://hn.linkedin.com/jobs/view/vendedor-a-comisionita-santa-rosa-de-copan-at-cargill-4431954765,Vendedor (a) Comisionita - Santa Rosa de Copan,Cargill,posted,2026-07-07T02:02:45.075612,113
bd151296fd4cad8c,https://hn.linkedin.com/jobs/view/consultor-a-senior-%E2%80%93-ai-engineering-genai-llms-at-deloitte-4435175828,Consultor(a) Senior – AI Engineering (GenAI / LLMs),Deloitte,posted,2026-07-07T02:03:02.334815,115
16a59d0bbd1d9d7e,https://hn.linkedin.com/jobs/view/qa-automation-engineer-node-js-distributed-systems-at-applaudo-4436141302,QA Automation Engineer (Node.js & Distributed Systems),,scraped,2026-07-07T02:03:04.963074,
dc48753c45b30121,https://hn.linkedin.com/jobs/view/loading-rack-operator-at-impala-terminals-4436438324,Loading Rack Operator,,scraped,2026-07-07T02:03:11.087991,
26b14dd875f807e8,https://hn.linkedin.com/jobs/view/consultor-a-snr-devops-cloud-at-deloitte-4435188017,Consultor (a) Snr DevOps - Cloud,Deloitte,posted,2026-07-07T02:03:24.988735,117
afebd2626490f922,https://hn.linkedin.com/jobs/view/tech-lead-sanity-cms-remote-latin-america-at-fullstack-4427095783,Tech Lead (Sanity CMS) - Remote - Latin America,FullStack,posted,2026-07-07T02:03:33.712943,119
5488ee69ff0973d4,https://hn.linkedin.com/jobs/view/mid-level-cms-engineer-sanity-remote-latin-america-at-fullstack-4434633564,Mid-Level CMS Engineer (Sanity) - Remote - Latin America,FullStack,posted,2026-07-07T02:03:43.618910,71
fca3cc485bcec1af,https://hn.linkedin.com/jobs/view/aws-devops-engineer-linux-remote-latin-america-at-fullstack-4435331709,AWS DevOps Engineer (Linux) - Remote - Latin America,,scraped,2026-07-07T02:03:46.167074,
